InvoiceNo,InvoiceDate,Quantity,UnitPrice,CustomerID
500001,2026-09-29,5,88.16,1001
500002,2026-07-16,2,97.28,1001
500002,2026-07-16,5,73.56,1001
500002,2026-07-16,4,87.14,1001
500003,2026-07-24,2,95.85,1001
500004,2026-07-29,3,52.44,1001
500004,2026-07-29,3,48.18,1001
500005,2026-08-20,1,68.72,1001
500005,2026-08-20,3,88.3,1001
500006,2026-08-29,4,82.9,1001
500007,2026-05-08,1,84.16,1001
500007,2026-05-08,5,110.84,1001
500008,2026-09-02,5,55.38,1001
500008,2026-09-02,1,43.67,1001
500009,2026-06-08,3,118.82,1001
500010,2026-09-16,1,70.41,1001
500011,2026-09-17,3,53.01,1001
500011,2026-09-17,3,56.76,1001
500012,2026-09-01,1,88.73,1001
500012,2026-09-01,2,82.73,1001
500013,2026-07-31,2,76.98,1001
500014,2026-09-12,4,51.43,1002
500014,2026-09-12,2,59.73,1002
500014,2026-09-12,5,83.12,1002
500015,2026-07-13,5,74.27,1002
500015,2026-07-13,5,71.95,1002
500015,2026-07-13,2,119.79,1002
500016,2026-06-16,5,79.48,1002
500017,2026-08-24,1,52.23,1002
500018,2026-07-11,4,87.71,1002
500019,2026-08-30,4,87.67,1002
500019,2026-08-30,4,82.33,1002
500020,2026-06-19,1,94.42,1002
500020,2026-06-19,1,94.54,1002
500020,2026-06-19,5,100.07,1002
500021,2026-05-28,3,48.92,1002
500021,2026-05-28,4,52.65,1002
500021,2026-05-28,1,116.31,1002
500022,2026-07-01,3,117.75,1002
500022,2026-07-01,2,80.61,1002
500022,2026-07-01,1,109.64,1002
500023,2026-08-22,5,88.72,1002
500023,2026-08-22,2,69.91,1002
500024,2026-07-15,5,116.28,1002
500025,2026-04-15,1,87.92,1002
500025,2026-04-15,4,41.56,1002
500025,2026-04-15,3,110.3,1002
500026,2026-06-19,2,44.63,1002
500026,2026-06-19,5,115.76,1002
500027,2026-07-15,4,105.28,1002
500028,2026-05-03,2,50.27,1002
500028,2026-05-03,4,115.75,1002
500028,2026-05-03,2,61.2,1002
500029,2026-05-29,4,117.15,1002
500029,2026-05-29,5,100.42,1002
500029,2026-05-29,2,97.04,1002
500030,2026-09-18,3,45.67,1003
500031,2026-05-24,3,93.52,1003
500032,2026-05-04,5,50.58,1003
500033,2026-05-21,5,77.81,1003
500033,2026-05-21,4,104.6,1003
500033,2026-05-21,2,47.55,1003
500034,2026-08-14,4,68.34,1003
500034,2026-08-14,4,77.36,1003
500034,2026-08-14,1,93.87,1003
500035,2026-07-12,1,44.85,1003
500035,2026-07-12,3,104.05,1003
500035,2026-07-12,1,59.89,1003
500036,2026-07-18,5,75.89,1003
500037,2026-08-28,2,62.28,1003
500037,2026-08-28,2,109.96,1003
500038,2026-06-19,4,104.64,1003
500039,2026-09-08,1,44.05,1003
500039,2026-09-08,5,106.88,1003
500039,2026-09-08,1,114.11,1003
500040,2026-04-25,2,72.51,1003
500041,2026-07-17,2,109.17,1003
500041,2026-07-17,1,53.17,1003
500042,2026-07-19,4,61.22,1003
500043,2026-09-12,3,73.84,1003
500043,2026-09-12,5,92.95,1003
500044,2026-08-26,2,55.19,1003
500044,2026-08-26,2,117.5,1003
500045,2026-08-29,5,44.88,1003
500045,2026-08-29,3,44.57,1003
500045,2026-08-29,5,78.14,1003
500046,2026-07-17,2,44.55,1003
500046,2026-07-17,5,46.41,1003
500046,2026-07-17,2,45.48,1003
500047,2026-08-27,2,72.3,1003
500048,2026-09-11,3,114.32,1004
500048,2026-09-11,1,40.75,1004
500049,2026-08-27,5,119.69,1004
500049,2026-08-27,1,83.01,1004
500049,2026-08-27,5,61.22,1004
500050,2026-08-17,1,110.34,1004
500050,2026-08-17,3,62.8,1004
500051,2026-05-22,5,96.28,1004
500051,2026-05-22,5,118.71,1004
500052,2026-04-15,5,40.63,1004
500052,2026-04-15,5,63.95,1004
500052,2026-04-15,1,115.11,1004
500053,2026-04-26,3,49.23,1004
500054,2026-06-18,5,52.44,1004
500055,2026-07-02,5,56.85,1004
500055,2026-07-02,3,56.29,1004
500056,2026-07-16,3,80.43,1004
500056,2026-07-16,3,112.43,1004
500056,2026-07-16,1,47.38,1004
500057,2026-06-18,3,43.53,1004
500057,2026-06-18,3,101.69,1004
500058,2026-07-07,3,52.93,1004
500058,2026-07-07,4,84.13,1004
500058,2026-07-07,4,84.87,1004
500059,2026-07-01,1,115.6,1004
500060,2026-05-28,2,83.65,1004
500060,2026-05-28,3,86.6,1004
500060,2026-05-28,2,74.38,1004
500061,2026-08-04,3,69.17,1004
500062,2026-06-22,3,56.81,1004
500063,2026-09-26,1,70.6,1005
500064,2026-06-23,4,57.79,1005
500065,2026-05-01,3,64.42,1005
500065,2026-05-01,2,57.83,1005
500066,2026-06-09,2,71.88,1005
500066,2026-06-09,3,109.15,1005
500066,2026-06-09,3,68.09,1005
500067,2026-08-13,4,94.36,1005
500067,2026-08-13,5,66.49,1005
500067,2026-08-13,1,49.23,1005
500068,2026-07-23,2,86.45,1005
500068,2026-07-23,3,43.06,1005
500069,2026-08-11,4,67.65,1005
500069,2026-08-11,3,74.91,1005
500069,2026-08-11,5,49.25,1005
500070,2026-08-07,2,60.38,1005
500070,2026-08-07,4,40.14,1005
500070,2026-08-07,5,94.95,1005
500071,2026-06-08,2,69.14,1005
500071,2026-06-08,1,115.91,1005
500071,2026-06-08,3,89.85,1005
500072,2026-09-15,1,97.58,1005
500072,2026-09-15,3,80.57,1005
500072,2026-09-15,4,66.09,1005
500073,2026-08-07,3,84.35,1005
500073,2026-08-07,2,73.64,1005
500073,2026-08-07,4,94.19,1005
500074,2026-06-28,5,85.53,1005
500075,2026-06-08,5,106.7,1005
500075,2026-06-08,3,62.95,1005
500076,2026-07-20,5,88.53,1005
500076,2026-07-20,3,77.2,1005
500077,2026-07-15,2,80.89,1005
500077,2026-07-15,2,92.71,1005
500078,2026-09-13,4,79.55,1006
500078,2026-09-13,2,51.81,1006
500078,2026-09-13,1,111.41,1006
500079,2026-06-15,4,57.51,1006
500080,2026-08-16,5,77.16,1006
500080,2026-08-16,5,59.94,1006
500080,2026-08-16,1,76.52,1006
500081,2026-07-10,5,119.03,1006
500081,2026-07-10,5,65.38,1006
500082,2026-06-21,5,105.2,1006
500082,2026-06-21,5,74.14,1006
500083,2026-07-13,4,111.78,1006
500083,2026-07-13,4,76.01,1006
500083,2026-07-13,2,107.19,1006
500084,2026-07-20,5,78.77,1006
500084,2026-07-20,2,61.97,1006
500085,2026-08-02,3,58.76,1006
500086,2026-09-02,3,111.44,1006
500086,2026-09-02,1,51.07,1006
500087,2026-08-28,4,95.52,1006
500088,2026-07-08,2,45.14,1006
500088,2026-07-08,4,66.47,1006
500088,2026-07-08,4,73.26,1006
500089,2026-05-10,4,71.16,1006
500090,2026-08-21,1,108.54,1006
500090,2026-08-21,5,70.43,1006
500090,2026-08-21,1,115.42,1006
500091,2026-05-15,4,108.28,1006
500091,2026-05-15,4,83.06,1006
500092,2026-05-25,5,103.99,1006
500092,2026-05-25,2,79.06,1006
500092,2026-05-25,3,74.87,1006
500093,2026-07-21,4,66.89,1006
500094,2026-09-24,3,67.0,1007
500094,2026-09-24,4,62.26,1007
500095,2026-05-23,3,106.79,1007
500095,2026-05-23,4,41.55,1007
500096,2026-08-18,1,119.99,1007
500096,2026-08-18,3,57.94,1007
500096,2026-08-18,1,102.5,1007
500097,2026-05-06,1,100.34,1007
500097,2026-05-06,2,55.95,1007
500097,2026-05-06,1,89.71,1007
500098,2026-09-13,2,77.88,1007
500099,2026-06-11,5,115.82,1007
500100,2026-04-28,3,101.35,1007
500100,2026-04-28,2,88.47,1007
500101,2026-09-13,1,102.22,1007
500101,2026-09-13,2,117.18,1007
500101,2026-09-13,1,86.29,1007
500102,2026-08-29,5,94.19,1007
500102,2026-08-29,4,71.73,1007
500103,2026-06-02,2,46.08,1007
500103,2026-06-02,2,48.15,1007
500103,2026-06-02,3,108.02,1007
500104,2026-08-16,1,103.7,1007
500104,2026-08-16,5,102.61,1007
500104,2026-08-16,3,82.62,1007
500105,2026-05-24,3,45.52,1007
500105,2026-05-24,3,41.01,1007
500105,2026-05-24,4,105.79,1007
500106,2026-08-04,4,116.86,1007
500107,2026-09-07,4,96.58,1007
500107,2026-09-07,4,54.09,1007
500107,2026-09-07,5,117.24,1007
500108,2026-07-15,5,104.66,1007
500108,2026-07-15,5,101.97,1007
500109,2026-06-14,4,106.06,1007
500109,2026-06-14,5,61.47,1007
500110,2026-06-28,1,62.31,1007
500111,2026-07-27,2,100.04,1007
500111,2026-07-27,5,88.83,1007
500112,2026-09-19,4,79.09,1008
500112,2026-09-19,2,95.25,1008
500112,2026-09-19,4,75.85,1008
500113,2026-09-07,1,63.54,1008
500114,2026-05-11,2,64.5,1008
500114,2026-05-11,5,69.52,1008
500115,2026-06-23,5,67.5,1008
500115,2026-06-23,5,66.46,1008
500115,2026-06-23,4,61.67,1008
500116,2026-07-30,2,49.65,1008
500116,2026-07-30,2,65.24,1008
500117,2026-05-13,5,116.07,1008
500117,2026-05-13,2,55.32,1008
500117,2026-05-13,4,62.12,1008
500118,2026-07-22,5,87.74,1008
500118,2026-07-22,1,106.61,1008
500118,2026-07-22,3,58.2,1008
500119,2026-06-16,3,41.13,1008
500120,2026-07-10,2,61.94,1008
500120,2026-07-10,1,84.27,1008
500120,2026-07-10,2,91.03,1008
500121,2026-06-19,1,109.82,1008
500121,2026-06-19,5,62.75,1008
500122,2026-07-05,4,67.26,1008
500122,2026-07-05,1,60.2,1008
500123,2026-07-06,1,105.77,1008
500123,2026-07-06,4,79.34,1008
500124,2026-04-25,1,52.14,1008
500124,2026-04-25,5,115.93,1008
500124,2026-04-25,1,119.51,1008
500125,2026-09-12,5,101.16,1008
500126,2026-05-05,5,103.26,1008
500126,2026-05-05,2,102.06,1008
500126,2026-05-05,4,76.04,1008
500127,2026-07-28,3,108.81,1008
500127,2026-07-28,4,64.43,1008
500128,2026-08-24,1,88.77,1008
500128,2026-08-24,1,115.81,1008
500128,2026-08-24,2,90.04,1008
500129,2026-07-15,1,52.56,1008
500129,2026-07-15,2,84.16,1008
500130,2026-09-29,1,83.56,1009
500130,2026-09-29,2,112.67,1009
500131,2026-06-12,1,44.77,1009
500132,2026-06-01,5,99.92,1009
500132,2026-06-01,5,113.7,1009
500133,2026-05-27,1,77.5,1009
500133,2026-05-27,3,95.98,1009
500134,2026-07-12,5,83.2,1009
500134,2026-07-12,4,46.44,1009
500135,2026-09-16,4,98.76,1009
500136,2026-07-27,3,42.07,1009
500136,2026-07-27,2,116.95,1009
500136,2026-07-27,5,86.97,1009
500137,2026-07-13,3,86.1,1009
500138,2026-07-14,4,81.52,1009
500139,2026-05-31,3,54.52,1009
500139,2026-05-31,5,74.87,1009
500140,2026-09-06,1,77.6,1009
500140,2026-09-06,4,66.66,1009
500141,2026-07-27,1,108.62,1009
500141,2026-07-27,3,72.93,1009
500141,2026-07-27,4,63.06,1009
500142,2026-07-19,5,42.94,1009
500142,2026-07-19,1,65.16,1009
500143,2026-08-05,1,117.61,1009
500143,2026-08-05,4,109.19,1009
500144,2026-09-12,2,114.21,1010
500144,2026-09-12,4,110.47,1010
500144,2026-09-12,4,49.71,1010
500145,2026-05-12,5,103.95,1010
500145,2026-05-12,2,64.86,1010
500145,2026-05-12,1,84.18,1010
500146,2026-05-25,2,119.38,1010
500147,2026-08-25,4,115.76,1010
500148,2026-07-21,2,79.87,1010
500148,2026-07-21,3,80.71,1010
500148,2026-07-21,3,73.24,1010
500149,2026-04-28,4,59.5,1010
500149,2026-04-28,5,51.57,1010
500150,2026-06-07,5,80.66,1010
500151,2026-05-03,1,62.1,1010
500152,2026-05-17,3,114.74,1010
500152,2026-05-17,5,61.37,1010
500153,2026-08-25,3,98.08,1010
500154,2026-07-17,5,119.91,1010
500154,2026-07-17,4,109.22,1010
500154,2026-07-17,4,83.09,1010
500155,2026-07-01,3,84.15,1010
500155,2026-07-01,5,70.18,1010
500156,2026-09-23,1,82.08,1011
500156,2026-09-23,4,41.23,1011
500157,2026-07-19,4,109.67,1011
500158,2026-06-12,1,77.56,1011
500159,2026-07-21,3,89.86,1011
500159,2026-07-21,4,91.99,1011
500160,2026-06-05,5,70.4,1011
500160,2026-06-05,3,90.14,1011
500161,2026-09-07,5,42.87,1011
500161,2026-09-07,1,58.78,1011
500162,2026-06-29,3,119.79,1011
500162,2026-06-29,1,74.72,1011
500162,2026-06-29,1,100.83,1011
500163,2026-05-20,1,75.49,1011
500163,2026-05-20,3,112.27,1011
500163,2026-05-20,1,65.95,1011
500164,2026-06-13,3,68.68,1011
500165,2026-06-12,2,59.54,1011
500165,2026-06-12,4,85.27,1011
500166,2026-08-11,2,54.01,1011
500167,2026-05-15,4,89.58,1011
500167,2026-05-15,2,79.81,1011
500167,2026-05-15,5,51.45,1011
500168,2026-09-09,3,76.77,1011
500168,2026-09-09,1,111.91,1011
500169,2026-08-17,3,94.21,1011
500169,2026-08-17,2,45.91,1011
500170,2026-05-13,5,63.93,1011
500170,2026-05-13,4,95.23,1011
500171,2026-06-26,3,55.94,1011
500171,2026-06-26,4,108.27,1011
500172,2026-08-24,2,70.51,1011
500173,2026-09-11,1,112.27,1012
500173,2026-09-11,1,64.71,1012
500173,2026-09-11,4,42.67,1012
500174,2026-06-23,2,47.21,1012
500174,2026-06-23,3,66.14,1012
500175,2026-06-23,2,56.06,1012
500175,2026-06-23,5,110.12,1012
500176,2026-09-01,5,80.14,1012
500176,2026-09-01,3,106.44,1012
500177,2026-05-28,4,117.39,1012
500177,2026-05-28,3,99.72,1012
500178,2026-06-28,1,77.47,1012
500178,2026-06-28,1,51.26,1012
500179,2026-09-04,4,117.38,1012
500180,2026-04-15,3,47.22,1012
500180,2026-04-15,4,41.11,1012
500180,2026-04-15,5,49.89,1012
500181,2026-08-25,3,86.76,1012
500181,2026-08-25,3,48.67,1012
500182,2026-05-02,4,42.0,1012
500183,2026-06-25,3,113.22,1012
500183,2026-06-25,2,91.81,1012
500183,2026-06-25,4,112.75,1012
500184,2026-07-10,4,49.33,1012
500184,2026-07-10,1,115.7,1012
500185,2026-06-08,4,49.29,1012
500185,2026-06-08,2,110.98,1012
500186,2026-07-12,4,76.29,1012
500187,2026-07-20,5,73.53,1012
500187,2026-07-20,2,110.83,1012
500187,2026-07-20,1,106.7,1012
500188,2026-07-04,4,115.12,1012
500188,2026-07-04,3,42.62,1012
500188,2026-07-04,3,57.38,1012
500189,2026-08-02,2,108.44,1012
500189,2026-08-02,1,118.47,1012
500190,2026-09-12,5,56.57,1013
500191,2026-06-08,2,66.28,1013
500192,2026-08-23,5,40.23,1013
500193,2026-05-29,2,83.22,1013
500194,2026-06-29,1,92.88,1013
500195,2026-07-21,2,41.19,1013
500196,2026-08-07,5,65.9,1013
500197,2026-05-14,3,44.19,1013
500198,2026-08-15,4,82.09,1013
500198,2026-08-15,1,78.1,1013
500198,2026-08-15,3,81.06,1013
500199,2026-07-15,4,80.31,1013
500200,2026-09-02,1,98.18,1013
500200,2026-09-02,5,64.13,1013
500200,2026-09-02,1,44.87,1013
500201,2026-08-26,4,74.1,1013
500201,2026-08-26,1,79.22,1013
500202,2026-06-14,1,111.94,1013
500202,2026-06-14,3,88.66,1013
500203,2026-07-07,2,62.0,1013
500204,2026-08-06,5,83.87,1013
500204,2026-08-06,3,70.47,1013
500204,2026-08-06,5,82.44,1013
500205,2026-04-16,5,88.43,1013
500205,2026-04-16,1,103.45,1013
500206,2026-07-17,5,97.67,1013
500207,2026-09-16,4,45.37,1014
500207,2026-09-16,1,47.46,1014
500207,2026-09-16,1,99.57,1014
500208,2026-05-19,2,84.51,1014
500208,2026-05-19,5,116.53,1014
500209,2026-07-15,3,93.6,1014
500209,2026-07-15,4,68.29,1014
500209,2026-07-15,4,109.45,1014
500210,2026-05-29,1,117.47,1014
500210,2026-05-29,5,65.0,1014
500210,2026-05-29,1,86.23,1014
500211,2026-06-17,2,92.54,1014
500212,2026-05-18,1,68.01,1014
500213,2026-06-01,3,49.19,1014
500213,2026-06-01,3,85.93,1014
500213,2026-06-01,4,107.61,1014
500214,2026-05-28,5,94.0,1014
500214,2026-05-28,5,42.1,1014
500214,2026-05-28,3,42.32,1014
500215,2026-08-18,3,113.72,1014
500215,2026-08-18,3,40.49,1014
500216,2026-06-23,5,92.59,1014
500217,2026-05-25,2,99.28,1014
500218,2026-06-23,1,99.69,1014
500219,2026-07-08,4,73.59,1014
500220,2026-06-08,2,69.6,1014
500220,2026-06-08,3,102.15,1014
500221,2026-08-03,5,46.8,1014
500221,2026-08-03,1,52.45,1014
500221,2026-08-03,5,43.98,1014
500222,2026-09-21,5,78.93,1015
500222,2026-09-21,3,43.63,1015
500223,2026-05-26,5,44.38,1015
500223,2026-05-26,2,64.11,1015
500224,2026-05-31,2,101.13,1015
500225,2026-05-15,3,49.6,1015
500225,2026-05-15,4,99.76,1015
500226,2026-05-26,2,70.42,1015
500227,2026-06-02,2,80.02,1015
500227,2026-06-02,3,45.77,1015
500227,2026-06-02,1,74.9,1015
500228,2026-07-09,1,108.97,1015
500228,2026-07-09,5,74.34,1015
500229,2026-07-23,4,63.16,1015
500229,2026-07-23,4,41.67,1015
500230,2026-05-08,2,104.11,1015
500230,2026-05-08,5,76.81,1015
500231,2026-08-18,3,47.05,1015
500231,2026-08-18,1,59.47,1015
500231,2026-08-18,5,72.04,1015
500232,2026-06-20,4,109.64,1015
500233,2026-05-29,3,57.73,1015
500233,2026-05-29,2,46.11,1015
500233,2026-05-29,1,82.45,1015
500234,2026-08-19,3,68.09,1015
500235,2026-08-26,5,20.35,1016
500236,2026-07-26,1,21.2,1016
500236,2026-07-26,4,31.24,1016
500236,2026-07-26,5,41.6,1016
500237,2026-07-15,5,37.5,1016
500237,2026-07-15,5,26.31,1016
500238,2026-06-17,3,20.28,1016
500238,2026-06-17,1,31.41,1016
500238,2026-06-17,3,42.87,1016
500239,2026-07-02,1,27.32,1016
500239,2026-07-02,1,25.86,1016
500239,2026-07-02,4,16.32,1016
500240,2026-07-19,5,34.4,1017
500240,2026-07-19,1,30.74,1017
500241,2026-05-02,2,26.25,1017
500241,2026-05-02,4,32.55,1017
500241,2026-05-02,1,30.77,1017
500242,2026-06-25,1,32.66,1017
500242,2026-06-25,2,16.37,1017
500243,2026-06-21,4,49.68,1017
500243,2026-06-21,5,33.3,1017
500243,2026-06-21,2,27.74,1017
500244,2026-03-07,4,29.31,1017
500244,2026-03-07,3,38.76,1017
500245,2026-04-07,3,17.31,1017
500246,2026-08-06,5,45.56,1018
500246,2026-08-06,3,17.85,1018
500246,2026-08-06,2,47.09,1018
500247,2026-04-25,4,19.51,1018
500247,2026-04-25,1,25.84,1018
500248,2026-05-21,3,43.46,1018
500248,2026-05-21,5,18.27,1018
500249,2026-05-29,4,32.8,1018
500249,2026-05-29,1,27.69,1018
500249,2026-05-29,2,48.29,1018
500250,2026-07-12,3,44.55,1019
500251,2026-03-05,5,41.98,1019
500252,2026-05-19,5,16.32,1019
500252,2026-05-19,3,45.67,1019
500252,2026-05-19,5,19.59,1019
500253,2026-05-11,2,20.68,1019
500253,2026-05-11,5,43.32,1019
500254,2026-06-02,4,16.53,1019
500255,2026-05-29,2,48.94,1019
500255,2026-05-29,5,24.97,1019
500256,2026-08-27,5,49.46,1020
500256,2026-08-27,4,41.93,1020
500256,2026-08-27,4,32.6,1020
500257,2026-04-08,2,43.59,1020
500257,2026-04-08,5,19.84,1020
500258,2026-06-22,1,37.44,1020
500258,2026-06-22,3,34.41,1020
500259,2026-06-04,5,44.79,1020
500260,2026-04-24,1,41.71,1020
500260,2026-04-24,3,30.73,1020
500261,2026-07-04,2,44.09,1020
500261,2026-07-04,1,48.12,1020
500261,2026-07-04,2,43.58,1020
500262,2026-05-20,1,29.52,1020
500262,2026-05-20,4,32.57,1020
500263,2026-08-17,1,44.37,1021
500263,2026-08-17,3,42.7,1021
500264,2026-07-23,1,25.04,1021
500265,2026-05-09,2,41.56,1021
500265,2026-05-09,4,30.7,1021
500266,2026-06-16,1,15.67,1021
500267,2026-08-05,2,34.21,1021
500268,2026-08-08,4,37.36,1022
500269,2026-04-17,4,17.2,1022
500269,2026-04-17,4,35.89,1022
500269,2026-04-17,1,37.12,1022
500270,2026-07-06,2,40.15,1022
500270,2026-07-06,3,30.02,1022
500270,2026-07-06,5,27.35,1022
500271,2026-05-22,4,21.56,1022
500271,2026-05-22,1,33.32,1022
500271,2026-05-22,3,17.37,1022
500272,2026-06-04,5,32.76,1022
500272,2026-06-04,5,34.4,1022
500272,2026-06-04,4,45.57,1022
500273,2026-05-18,4,49.34,1022
500274,2026-07-03,1,27.5,1022
500274,2026-07-03,1,27.07,1022
500275,2026-07-22,1,42.0,1022
500275,2026-07-22,3,19.67,1022
500275,2026-07-22,3,34.11,1022
500276,2026-07-19,4,16.29,1023
500277,2026-03-18,1,42.69,1023
500278,2026-03-14,3,47.67,1023
500279,2026-05-29,4,49.62,1023
500279,2026-05-29,5,31.57,1023
500279,2026-05-29,1,41.37,1023
500280,2026-06-10,3,27.49,1023
500281,2026-07-17,4,46.13,1024
500281,2026-07-17,4,46.31,1024
500282,2026-04-19,3,49.08,1024
500282,2026-04-19,4,39.22,1024
500283,2026-05-04,5,24.34,1024
500283,2026-05-04,1,40.45,1024
500284,2026-06-11,4,36.09,1024
500285,2026-08-07,3,25.73,1025
500285,2026-08-07,5,40.12,1025
500286,2026-05-19,4,27.3,1025
500287,2026-05-12,3,36.52,1025
500288,2026-07-07,3,37.38,1025
500288,2026-07-07,1,17.63,1025
500289,2026-07-13,4,27.72,1025
500289,2026-07-13,2,48.35,1025
500289,2026-07-13,2,44.7,1025
500290,2026-09-08,1,36.18,1026
500290,2026-09-08,4,48.21,1026
500290,2026-09-08,3,30.54,1026
500291,2026-08-02,5,19.82,1026
500292,2026-08-17,4,26.0,1026
500292,2026-08-17,3,23.74,1026
500293,2026-07-05,1,40.75,1026
500294,2026-06-02,5,28.54,1026
500294,2026-06-02,5,19.12,1026
500295,2026-06-03,4,22.51,1026
500295,2026-06-03,5,25.0,1026
500296,2026-05-28,2,19.29,1026
500296,2026-05-28,1,30.82,1026
500297,2026-09-05,2,39.91,1027
500297,2026-09-05,2,42.78,1027
500298,2026-06-11,2,19.25,1027
500298,2026-06-11,2,42.72,1027
500298,2026-06-11,2,42.66,1027
500299,2026-06-04,3,34.39,1027
500300,2026-08-15,4,43.13,1027
500300,2026-08-15,5,19.54,1027
500301,2026-04-13,1,25.83,1027
500302,2026-04-15,4,33.4,1027
500302,2026-04-15,4,43.82,1027
500302,2026-04-15,1,19.39,1027
500303,2026-06-18,1,30.75,1027
500303,2026-06-18,5,27.06,1027
500304,2026-08-01,3,20.76,1028
500305,2026-06-11,2,27.11,1028
500305,2026-06-11,5,46.32,1028
500306,2026-06-24,3,21.87,1028
500307,2026-04-08,3,19.38,1028
500307,2026-04-08,3,36.5,1028
500307,2026-04-08,1,32.59,1028
500308,2026-03-21,5,47.96,1028
500309,2026-07-13,2,38.06,1028
500310,2026-06-26,5,26.82,1028
500310,2026-06-26,5,16.44,1028
500310,2026-06-26,1,17.84,1028
500311,2026-03-17,5,24.26,1028
500311,2026-03-17,2,41.84,1028
500311,2026-03-17,4,36.63,1028
500312,2026-08-10,2,43.16,1029
500312,2026-08-10,4,25.41,1029
500313,2026-03-19,1,20.53,1029
500314,2026-05-23,4,31.26,1029
500314,2026-05-23,3,36.23,1029
500315,2026-05-20,3,40.7,1029
500315,2026-05-20,3,49.14,1029
500316,2026-07-24,2,31.33,1030
500316,2026-07-24,3,30.74,1030
500317,2026-04-16,1,16.77,1030
500318,2026-03-10,5,29.63,1030
500318,2026-03-10,2,43.47,1030
500319,2026-02-26,3,21.64,1030
500319,2026-02-26,2,32.44,1030
500319,2026-02-26,5,31.34,1030
500320,2026-06-22,4,15.81,1030
500320,2026-06-22,4,32.69,1030
500321,2026-08-28,5,45.88,1031
500321,2026-08-28,4,25.0,1031
500322,2026-05-25,1,30.08,1031
500323,2026-08-11,3,41.73,1031
500323,2026-08-11,3,16.58,1031
500324,2026-08-11,5,34.66,1031
500325,2026-06-12,5,25.1,1031
500325,2026-06-12,4,32.65,1031
500326,2026-08-24,2,21.97,1032
500326,2026-08-24,5,29.05,1032
500327,2026-07-20,1,16.36,1032
500328,2026-07-18,3,43.14,1032
500328,2026-07-18,5,30.99,1032
500328,2026-07-18,5,46.26,1032
500329,2026-07-26,3,47.6,1032
500330,2026-05-11,2,28.75,1032
500330,2026-05-11,5,40.88,1032
500331,2026-05-16,5,26.77,1032
500331,2026-05-16,5,33.63,1032
500332,2026-05-25,5,25.49,1032
500332,2026-05-25,1,27.89,1032
500332,2026-05-25,1,49.3,1032
500333,2026-03-30,3,42.89,1032
500333,2026-03-30,1,35.89,1032
500333,2026-03-30,3,48.85,1032
500334,2026-08-05,2,16.1,1033
500334,2026-08-05,1,21.68,1033
500334,2026-08-05,4,25.98,1033
500335,2026-06-03,4,39.17,1033
500336,2026-07-18,5,42.12,1033
500336,2026-07-18,4,45.55,1033
500337,2026-03-31,1,39.7,1033
500337,2026-03-31,5,22.26,1033
500337,2026-03-31,3,49.93,1033
500338,2026-06-18,5,28.19,1033
500338,2026-06-18,2,31.09,1033
500339,2026-03-19,3,34.12,1033
500339,2026-03-19,3,36.35,1033
500339,2026-03-19,2,48.51,1033
500340,2026-04-25,5,25.45,1033
500340,2026-04-25,3,41.99,1033
500341,2026-06-24,2,39.16,1033
500341,2026-06-24,4,26.1,1033
500341,2026-06-24,3,34.62,1033
500342,2026-08-23,3,16.47,1034
500343,2026-07-18,1,27.12,1034
500343,2026-07-18,4,37.96,1034
500343,2026-07-18,4,22.49,1034
500344,2026-04-01,3,47.66,1034
500344,2026-04-01,3,19.8,1034
500344,2026-04-01,5,40.93,1034
500345,2026-05-13,2,16.78,1034
500346,2026-05-09,2,37.33,1034
500346,2026-05-09,1,18.51,1034
500346,2026-05-09,3,40.11,1034
500347,2026-05-22,2,15.18,1034
500348,2026-07-13,1,46.78,1035
500348,2026-07-13,1,37.83,1035
500349,2026-05-29,5,40.85,1035
500350,2026-03-26,2,29.63,1035
500351,2026-03-09,1,49.9,1035
500352,2026-03-08,4,21.52,1035
500352,2026-03-08,3,45.69,1035
500353,2026-05-18,3,34.88,1035
500354,2026-04-26,3,24.96,1035
500355,2026-04-17,5,33.35,1035
500355,2026-04-17,2,44.79,1035
500355,2026-04-17,4,24.55,1035
500356,2026-08-20,2,15.49,1036
500356,2026-08-20,3,42.68,1036
500356,2026-08-20,5,38.6,1036
500357,2026-07-05,2,36.38,1036
500358,2026-04-20,4,43.94,1036
500358,2026-04-20,5,26.48,1036
500358,2026-04-20,4,38.42,1036
500359,2026-06-11,2,31.71,1036
500360,2026-09-10,3,25.57,1037
500360,2026-09-10,5,15.4,1037
500361,2026-07-01,3,39.25,1037
500361,2026-07-01,1,38.37,1037
500361,2026-07-01,4,25.74,1037
500362,2026-05-30,5,47.31,1037
500362,2026-05-30,3,39.16,1037
500363,2026-07-07,3,27.86,1037
500363,2026-07-07,2,22.67,1037
500363,2026-07-07,2,31.74,1037
500364,2026-05-14,5,28.08,1037
500364,2026-05-14,5,46.95,1037
500365,2026-07-21,5,18.93,1038
500366,2026-05-22,5,22.08,1038
500366,2026-05-22,5,20.24,1038
500366,2026-05-22,3,44.91,1038
500367,2026-05-14,1,38.81,1038
500367,2026-05-14,5,32.11,1038
500368,2026-06-26,4,43.3,1038
500368,2026-06-26,4,19.62,1038
500368,2026-06-26,4,30.99,1038
500369,2026-03-04,5,31.18,1038
500370,2026-03-24,1,28.86,1038
500370,2026-03-24,1,41.1,1038
500371,2026-03-03,1,16.59,1038
500371,2026-03-03,3,39.51,1038
500371,2026-03-03,5,49.79,1038
500372,2026-04-15,4,16.11,1038
500373,2026-08-30,1,38.9,1039
500373,2026-08-30,5,19.65,1039
500374,2026-07-22,1,21.25,1039
500374,2026-07-22,5,28.76,1039
500375,2026-05-10,2,44.22,1039
500376,2026-05-22,3,31.21,1039
500377,2026-05-20,5,29.84,1039
500377,2026-05-20,4,43.82,1039
500377,2026-05-20,2,31.12,1039
500378,2026-05-03,3,21.6,1039
500379,2026-05-21,1,16.13,1039
500379,2026-05-21,4,36.52,1039
500379,2026-05-21,1,23.42,1039
500380,2026-09-04,1,29.08,1040
500381,2026-08-22,5,22.6,1040
500382,2026-05-08,2,32.64,1040
500383,2026-08-18,2,43.55,1040
500383,2026-08-18,5,26.16,1040
500384,2026-01-13,5,9.42,1041
500385,2025-10-23,3,6.22,1041
500385,2025-10-23,5,22.59,1041
500386,2025-11-25,4,5.94,1042
500386,2025-11-25,3,23.83,1042
500386,2025-11-25,4,20.72,1042
500387,2025-11-28,3,12.53,1043
500388,2025-10-05,4,9.82,1043
500388,2025-10-05,2,11.01,1043
500388,2025-10-05,2,21.12,1043
500389,2025-11-29,5,15.6,1044
500389,2025-11-29,4,9.86,1044
500390,2025-12-20,1,23.44,1045
500390,2025-12-20,3,6.85,1045
500390,2025-12-20,2,6.03,1045
500391,2026-03-04,5,19.49,1046
500392,2026-02-09,2,14.59,1046
500392,2026-02-09,3,11.06,1046
500392,2026-02-09,1,9.24,1046
500393,2026-02-12,4,23.29,1047
500393,2026-02-12,5,19.08,1047
500393,2026-02-12,4,23.3,1047
500394,2026-01-01,5,17.97,1048
500394,2026-01-01,3,10.23,1048
500395,2025-10-05,4,14.32,1048
500395,2025-10-05,4,20.23,1048
500395,2025-10-05,3,23.29,1048
500396,2025-12-24,5,22.28,1049
500397,2025-10-05,2,5.32,1049
500397,2025-10-05,5,23.7,1049
500397,2025-10-05,5,19.4,1049
500398,2026-02-03,2,12.6,1050
500398,2026-02-03,2,14.99,1050
500399,2025-12-10,3,10.15,1050
500399,2025-12-10,4,24.33,1050
500399,2025-12-10,4,14.22,1050
500400,2026-01-30,5,14.77,1051
500400,2026-01-30,5,24.81,1051
500400,2026-01-30,1,15.48,1051
500401,2025-12-21,1,20.29,1051
500402,2026-02-07,2,5.18,1052
500403,2025-12-05,4,12.46,1052
500403,2025-12-05,5,17.75,1052
500403,2025-12-05,5,23.26,1052
500404,2026-03-10,5,13.23,1053
500404,2026-03-10,1,15.59,1053
500404,2026-03-10,3,15.71,1053
500405,2026-03-04,1,15.04,1053
500405,2026-03-04,4,21.12,1053
500406,2026-02-15,5,7.98,1054
500407,2026-01-09,3,20.9,1055
500407,2026-01-09,1,12.46,1055
500408,2025-11-17,2,11.0,1056
500409,2025-10-05,1,6.87,1056
500410,2025-12-08,1,17.73,1057
500410,2025-12-08,2,6.65,1057
500411,2025-10-05,3,16.32,1057
500411,2025-10-05,1,22.9,1057
500412,2026-01-15,5,14.51,1058
500413,2026-02-23,3,22.99,1059
500413,2026-02-23,5,18.16,1059
500413,2026-02-23,2,23.58,1059
500414,2026-03-10,2,20.05,1060
500414,2026-03-10,4,23.58,1060
500414,2026-03-10,3,8.25,1060
500415,2026-01-11,5,21.69,1060
